goal_latitude,goal_longitude
36.11215500000002,140.0984816666668
