goal_latitude,goal_longitude
36.11244,140.09903
36.11243833333333,140.09903
36.11243833333333,140.09903
36.11243833333333,140.09903
36.11243833333333,140.09903
36.11243833333333,140.09903
36.11243833333333,140.09903
36.11243833333333,140.09903
