goal_latitude,goal_longitude
36.11243666666667,140.09903
36.11243666666667,140.09903
36.11243666666667,140.09903
36.11243666666667,140.09903
36.11243666666667,140.09903
